,name
0,abalone
1,accurate
2,addicted
3,addition
4,adjusting
5,adorable
6,adore
7,adoreable
8,adult
9,adults
10,advertised
11,advertize
12,affordable
13,afraid
14,afro
15,ages
16,agreeable
17,airplane
18,airport
19,airy
20,alaska
21,allergic
22,alot
23,alright
24,aluminum
25,amazing
26,amazon
27,amazons
28,american
29,americans
30,analog
31,android
32,anglican
33,angry
34,anime
35,ankle
36,ankles
37,anklet
38,anniversary
39,annnndddd
40,annoying
41,anorexic
42,answers
43,antiseptic
44,apart
45,apoxy
46,apple
47,apples
48,applicable
49,appreciated
50,appreciates
51,approved
52,apricot
53,april
54,apron
55,arabic
56,arcade
57,arctic
58,arizona
59,armband
60,armholes
61,armour
62,army
63,arrive
64,arrived
65,arthritis
66,ashamed
67,ashes
68,asian
69,astrology
70,astronaut
71,attractive
72,august
73,aunt
74,australia
75,authentic
76,autism
77,autographs
78,automatic
79,average
80,aviators
81,away
82,awesome
83,awesomesauce
84,awful
85,awhile
86,awkward
87,awsome
88,b002t04qhw
89,babies
90,baby
91,bachelorette
92,backpack
93,backpacking
94,bad
95,badass
96,badly
97,badminton
98,bag
99,baggy
100,bags
101,baker
102,ballerina
103,ballet
104,balls
105,band
106,bandana
107,bane
108,banged
109,bangle
110,bangles
111,baptism
112,bar
113,barbell
114,barbells
115,barbie
116,barely
117,bargain
118,baseball
119,basic
120,basketball
121,basketballs
122,bass
123,bathing
124,bathroom
125,batman
126,batteries
127,battery
128,bbq
129,beach
130,beads
131,beagle
132,beanie
133,beard
134,bears
135,beast
136,beatiflly
137,beatiful
138,beauitful
139,beautiful
140,beautifull
141,beautifulllll
142,beautifully
143,bed
144,bedroom
145,beef
146,beer
147,bellisimo
148,bellos
149,bells
150,belly
151,belt
152,bends
153,bengals
154,best
155,bet
156,better
157,beware
158,bibleland
159,biceps
160,bieber
161,bien
162,big
163,bigger
164,biggest
165,biggie
166,bike
167,biker
168,biking
169,bikini
170,bipolar
171,birth
172,birthday
173,birthdaydefinately
174,bison
175,bistro
176,black
177,blanket
178,blazer
179,bleaching
180,bless
181,blessings
182,blood
183,blossoms
184,blousy
185,blue
186,blues
187,bodysuit
188,boiled
189,bone
190,bonet
191,bonitos
192,bonus
193,boobs
194,book
195,books
196,boot
197,bootery
198,bootie
199,booties
200,bootleg
201,boots
202,bored
203,boss
204,bostonians
205,bottoms
206,bought
207,boutique
208,bows
209,bowtie
210,boxer
211,boxers
212,boxes
213,boxy
214,boy
215,boyfriend
216,boyfriends
217,boys
218,bra
219,bracelet
220,bracelets
221,brake
222,bras
223,brass
224,brazil
225,break
226,breakage
227,breakfast
228,breast
229,breastfeed
230,breastfeeding
231,breasts
232,breathable
233,breathtaking
234,breeze
235,bridal
236,bride
237,bridesmaid
238,bridesmaids
239,briefcase
240,briefs
241,bright
242,brighter
243,brittle
244,bro
245,broad
246,broke
247,broken
248,bronze
249,brother
250,brown
251,brunette
252,brush
253,brushes
254,bubblegum
255,buckle
256,bucks
257,buddha
258,buddhism
259,buddy
260,buennisimo
261,bueno
262,buenos
263,buffalo
264,bulky
265,bullet
266,bummed
267,bummer
268,bunny
269,burgundy
270,business
271,bust
272,busted
273,busty
274,butt
275,butterflies
276,butterfly
277,buttery
278,button
279,buttons
280,buy
281,buying
282,bye
283,c3po
284,cabeza
285,cafepress
286,cake
287,calf
288,california
289,calves
290,camel
291,cameltoe
292,camper
293,camping
294,canada
295,cancer
296,candle
297,candles
298,canvas
299,cap
300,capri
301,car
302,carabiner
303,cardboard
304,cardholder
305,cards
306,carefree
307,caribbean
308,carnival
309,caroling
310,cartilage
311,cartridge
312,case
313,cash
314,cashier
315,casual
316,cat
317,catcher
318,catholic
319,cats
320,catsuit
321,catwoman
322,caught
323,caveman
324,cedar
325,cellphone
326,centered
327,ceramic
328,chain
329,champagne
330,charity
331,charm
332,charms
333,cheap
334,cheapens
335,cheaper
336,cheapest
337,cheapie
338,cheaply
339,cheapness
340,cheated
341,check
342,checkbook
343,checkbooks
344,cheery
345,cheese
346,cheeseburgers
347,cheesecloth
348,cheesy
349,chef
350,chemistry
351,chemotherapy
352,chess
353,chest
354,chestnuts
355,chevy
356,chewbacca
357,chicago
358,chihuahua
359,chihuahuas
360,child
361,childish
362,children
363,childrens
364,chile
365,chilly
366,china
367,chinese
368,chinesse
369,chipmunks
370,chocolate
371,choir
372,choker
373,christening
374,christian
375,christians
376,christmas
377,christmasy
378,chucks
379,chunkier
380,chunky
381,church
382,cigarettes
383,cinderella
384,clap
385,class
386,classy
387,clean
388,cleaned
389,cleaner
390,cleaning
391,clear
392,cleavage
393,clingy
394,clippers
395,cloak
396,close
397,closet
398,clothes
399,clothing
400,cloudy
401,clown
402,club
403,clunky
404,clutch
405,coachella
406,coat
407,coating
408,cocaine
409,cocktail
410,cocktails
411,cocoa
412,coffee
413,coins
414,cola
415,cold
416,colder
417,cole
418,collapse
419,collapsing
420,collars
421,colleagues
422,collectors
423,color
424,colorful
425,coloring
426,colors
427,comb
428,comfort
429,comfortable
430,comfortably
431,comforting
432,comfy
433,comments
434,communion
435,como
436,compact
437,company
438,competing
439,comphy
440,complaints
441,complate
442,complements
443,complete
444,completed
445,compliment
446,complimented
447,compliments
448,conceal
449,concert
450,condescending
451,conference
452,confortable
453,conservative
454,constantly
455,construction
456,contaminated
457,convertible
458,cook
459,cooking
460,cool
461,cooler
462,coolest
463,coolness
464,copper
465,coppery
466,copycat
467,cork
468,correctly
469,corset
470,cosmetic
471,cosmetics
472,cost
473,costume
474,costumers
475,cotton
476,cottonique
477,couch
478,courteous
479,cousins
480,covers
481,cowgirls
482,coworker
483,coyote
484,cozy
485,cozzy
486,cr2016
487,crab
488,cracked
489,cracker
490,crafted
491,craftsmanship
492,cranberry
493,crap
494,crappy
495,crayons
496,crazy
497,cream
498,creamy
499,creative
500,creativity
501,credit
502,crimson
503,crochet
504,crocheted
505,crocheter
506,crooked
507,crow
508,crucifixes
509,cruise
510,crystal
511,crystals
512,ct
513,cuban
514,cube
515,cufflinks
516,cumbersome
517,cupcake
518,cupcakes
519,curse
520,curved
521,custome
522,customer
523,customers
524,customization
525,cut
526,cute
527,cutej
528,cuteness
529,cuter
530,cutest
531,cutr
532,d1u8r4tabcs
533,dad
534,daddy
535,dads
536,daily
537,dainty
538,daisy
539,damaged
540,dance
541,dancer
542,dancing
543,dandelions
544,dangerous
545,dark
546,darker
547,date
548,dating
549,daughter
550,daughters
551,day
552,daycare
553,days
554,dazzlingrock
555,dead
556,deal
557,death
558,decades
559,decapitated
560,decent
561,decoration
562,deep
563,defective
564,deflated
565,deformed
566,delicate
567,demasiado
568,denim
569,denmark
570,dental
571,dented
572,deodorant
573,depressing
574,derby
575,descibed
576,described
577,desert
578,designer
579,designers
580,destroy
581,detailed
582,detergent
583,deteriorated
584,device
585,devil
586,diabetes
587,diabetic
588,diamond
589,diamonds
590,diaper
591,diapers
592,dice
593,dickies
594,did
595,didn
596,didnt
597,died
598,different
599,difficult
600,dilli
601,dim
602,dimples
603,dinged
604,dingy
605,dinner
606,dirt
607,dirty
608,disappointed
609,disappointing
610,disappointment
611,disco
612,discoloration
613,discolored
614,discount
615,discounted
616,disengrate
617,disgusting
618,disintegrates
619,dislike
620,disney
621,disneyland
622,disneyworld
623,disproportionate
624,dissapointed
625,dissappointed
626,dissatisfied
627,dissppointed
628,distracting
629,diva
630,dizzy
631,doctor
632,dodge
633,does
634,doesn
635,doesnt
636,doesny
637,doest
638,dog
639,dogs
640,doll
641,dollar
642,don
643,donate
644,donated
645,donnie
646,dont
647,door
648,dope
649,dopeness
650,doubles
651,dozens
652,dragon
653,dragonflies
654,dragonfly
655,dragons
656,drapes
657,drawback
658,dreadlocks
659,dreads
660,dress
661,dresses
662,dressier
663,dressy
664,dries
665,drift
666,drilled
667,driving
668,drizzle
669,droopy
670,drugstore
671,drum
672,dry
673,dryer
674,dubai
675,duck
676,duckbills
677,dull
678,duller
679,dumb
680,durability
681,durable
682,duster
683,dusty
684,eagle
685,ear
686,earlier
687,early
688,earphone
689,earring
690,earrings
691,ears
692,earthmover
693,easier
694,easily
695,easter
696,easy
697,ebay
698,economical
699,edge
700,edges
701,edgy
702,edit
703,efficient
704,elastic
705,electrician
706,elegance
707,elegant
708,elephant
709,elevator
710,elf
711,elvis
712,email
713,emailed
714,emails
715,embarrassed
716,embroidered
717,embroidering
718,embroidery
719,emerald
720,emergency
721,emma
722,enamorada
723,encanto
724,enchanted
725,encyclopedias
726,endless
727,engraved
728,enjoy
729,enjoyed
730,enjoying
731,enormous
732,entrepreneurs
733,erases
734,error
735,espectacular
736,etchings
737,eve
738,evening
739,everyday
740,evil
741,exact
742,exactly
743,excekkent
744,excelent
745,excelente
746,excelet
747,excellant
748,excellent
749,excellet
750,excited
751,excitement
752,exciting
753,exelent
754,exelente
755,exellent
756,expanding
757,expectacular
758,expectations
759,expected
760,expecting
761,expensive
762,exploded
763,expo
764,exquisite
765,exselent
766,extra
767,eyeglass
768,eyeglasses
769,eyelets
770,fabolous
771,fabric
772,fabulous
773,facebook
774,factory
775,faded
776,fades
777,fading
778,failed
779,failure
780,fair
781,fairy
782,fairytale
783,fake
784,fakes
785,fall
786,fallen
787,falling
788,fallout
789,falls
790,families
791,family
792,fan
793,fanatic
794,fangs
795,fans
796,fantasie
797,fantastic
798,fashion
799,fashionable
800,fashionista
801,fast
802,fasteners
803,faster
804,fat
805,father
806,fatter
807,fault
808,favorite
809,favorites
810,favourite
811,favs
812,fear
813,feather
814,feathers
815,fedex
816,fedora
817,feet
818,fell
819,fellngreat
820,female
821,females
822,feminine
823,fest
824,festival
825,festive
826,fetish
827,fez
828,fiance
829,fiancee
830,fiberfill
831,fibromyalgia
832,fierce
833,fiery
834,fifth
835,finale
836,fine
837,finest
838,finger
839,fingernail
840,fingerprints
841,finish
842,fir
843,firebird
844,firefighting
845,fireman
846,firm
847,fish
848,fisherman
849,fishing
850,fishy
851,fit
852,fitness
853,fits
854,fitted
855,fitting
856,fix
857,fixing
858,flaps
859,flares
860,flashy
861,flat
862,flattering
863,flaw
864,flawless
865,flaws
866,flexible
867,flight
868,flimsy
869,floor
870,floppy
871,floral
872,florida
873,flower
874,flowers
875,fluffy
876,fluorescent
877,flush
878,foam
879,foggy
880,fold
881,fond
882,food
883,fool
884,foot
885,football
886,ford
887,fords
888,forever
889,forever21
890,forget
891,fork
892,formal
893,fountain
894,fourteen
895,fourth
896,fox
897,fragile
898,fraud
899,frayed
900,freak
901,free
902,freezer
903,french
904,friday
905,fridays
906,friend
907,friendly
908,friends
909,frightened
910,frog
911,frogs
912,frostnip
913,frozen
914,fruit
915,frumpy
916,frustrating
917,frustration
918,fuchsia
919,fun
920,functionally
921,fundraiser
922,funeral
923,funky
924,funniest
925,funny
926,fur
927,fursuit
928,future
929,fuzz
930,fuzzies
931,gag
932,gaga
933,galaxy
934,gamer
935,garbage
936,gardening
937,garlic
938,gaudy
939,gay
940,geek
941,gems
942,gemstones
943,generous
944,gentle
945,geologist
946,geology
947,georgeous
948,german
949,germany
950,giant
951,gift
952,gifted
953,gifts
954,gig
955,gigantic
956,ginger
957,ginormous
958,giraffe
959,giraffes
960,girl
961,girlfriend
962,girlfriends
963,girlie
964,girls
965,girly
966,glad
967,glamorous
968,glamour
969,glass
970,glasses
971,glitching
972,glitter
973,glittery
974,glory
975,gloss
976,glove
977,gloves
978,glow
979,glowing
980,glue
981,godson
982,goggles
983,gold
984,golden
985,goldendoodle
986,goldfish
987,goldfishy
988,goldstone
989,goldtone
990,golf
991,golfer
992,golfing
993,good
994,goodies
995,goodwill
996,goofy
997,google
998,gorgeous
999,gorilla
1000,got
1001,goth
1002,gps
1003,gr8
1004,grabby
1005,graduation
1006,grammy
1007,grandaughter
1008,grandchild
1009,grandchildren
1010,granddaughter
1011,granddaughters
1012,grandfather
1013,grandgirls
1014,grandkids
1015,grandma
1016,grandmother
1017,grandson
1018,grandsons
1019,graphics
1020,graphite
1021,grate
1022,grateful
1023,gray
1024,greasy
1025,great
1026,greats
1027,greece
1028,green
1029,greens
1030,grey
1031,grocery
1032,groomsman
1033,groomsmen
1034,grow
1035,growing
1036,grumpy
1037,grungy
1038,gucci
1039,gud
1040,guests
1041,guitar
1042,gum
1043,gumball
1044,gun
1045,guy
1046,gym
1047,gymnast
1048,h81c52g52c2kv2d9d0sv
1049,hair
1050,hairdresser
1051,hairdryer
1052,hairspray
1053,hairstyle
1054,hairstyles
1055,half
1056,hallow
1057,halloween
1058,halloweenies
1059,halloweens
1060,hammer
1061,hand
1062,handbag
1063,handbags
1064,handcuffs
1065,handgun
1066,handkerchief
1067,handkerchiefs
1068,handles
1069,handmade
1070,handsome
1071,handwashing
1072,handy
1073,hanging
1074,happier
1075,happiness
1076,happy
1077,hard
1078,hardcore
1079,hardly
1080,harley
1081,hassle
1082,hat
1083,hate
1084,hated
1085,hates
1086,hats
1087,hatter
1088,haven
1089,havnt
1090,hawaii
1091,hawaiian
1092,head
1093,headache
1094,headaches
1095,headband
1096,headdress
1097,healed
1098,healing
1099,heart
1100,heartbreaking
1101,heartbroken
1102,heavier
1103,heavy
1104,heavyweight
1105,heavyweights
1106,hedgehog
1107,hedgehogs
1108,heel
1109,heels
1110,height
1111,helicopter
1112,hell
1113,hello
1114,helmet
1115,help
1116,helped
1117,helpful
1118,helps
1119,hem
1120,hermosa
1121,hermosas
1122,heroes
1123,hidden
1124,hideous
1125,hides
1126,hiding
1127,high
1128,high5ft
1129,higher
1130,highly
1131,hiking
1132,hillarious
1133,hindu
1134,hinges
1135,hippie
1136,hippo
1137,hips
1138,hipster
1139,history
1140,hit
1141,hockey
1142,hold
1143,hole
1144,holes
1145,holiday
1146,holidays
1147,hollow
1148,home
1149,homecoming
1150,homeless
1151,homemade
1152,homework
1153,honorable
1154,hood
1155,hooded
1156,hoodie
1157,hoops
1158,hoped
1159,hopefully
1160,hopes
1161,hoping
1162,horns
1163,horrendous
1164,horrible
1165,horribley
1166,horribly
1167,horrid
1168,horror
1169,horse
1170,horseshoe
1171,horseshoes
1172,hose
1173,hospital
1174,hoster
1175,hot
1176,hotness
1177,hotter
1178,hour
1179,hours
1180,house
1181,howling
1182,howlite
1183,hug
1184,huge
1185,hugged
1186,hugs
1187,humid
1188,hunger
1189,hunting
1190,hurry
1191,hurt
1192,hurting
1193,hurts
1194,husband
1195,husbands
1196,huskies
1197,husky
1198,hypnotist
1199,hysterical
1200,ice
1201,iceland
1202,ideal
1203,illusion
1204,image
1205,imagined
1206,immediately
1207,important
1208,impossible
1209,impractical
1210,impress
1211,impressed
1212,improved
1213,improvement
1214,inaccurate
1215,inadequate
1216,inappropriate
1217,inches
1218,inconsistent
1219,inconvenient
1220,incorrect
1221,increased
1222,incredible
1223,indianapolis
1224,indoors
1225,industrial
1226,inexpensive
1227,infamously
1228,infants
1229,infected
1230,infection
1231,inferior
1232,informative
1233,infuriating
1234,ingeniously
1235,ink
1236,inkjet
1237,insane
1238,insects
1239,inside
1240,insoles
1241,inspection
1242,inspirational
1243,inspiring
1244,instagram
1245,instant
1246,instantly
1247,instead
1248,instructions
1249,insulting
1250,intact
1251,intended
1252,interesting
1253,internet
1254,interview
1255,invisible
1256,ipad
1257,iphone
1258,iphone5
1259,iphone6
1260,iphone7
1261,iphone7plus
1262,iphone8
1263,iphones
1264,ipod
1265,ireland
1266,irish
1267,iron
1268,ironing
1269,irrational
1270,irritate
1271,irritated
1272,irritates
1273,irritating
1274,irritation
1275,isn
1276,issa
1277,issues
1278,italy
1279,itch
1280,itchey
1281,itching
1282,itchy
1283,item
1284,jacket
1285,jackets
1286,jackhammer
1287,jackpot
1288,jade
1289,jadeite
1290,jagged
1291,jammies
1292,january
1293,japan
1294,japanese
1295,jazz
1296,jealous
1297,jeans
1298,jedi
1299,jeggings
1300,jelly
1301,jersey
1302,jerseys
1303,jesus
1304,jeweler
1305,jewelers
1306,jewelery
1307,jewelry
1308,jewels
1309,jewish
1310,jgfthhgfghh
1311,jingles
1312,job
1313,joe
1314,jogging
1315,joke
1316,joker
1317,jordans
1318,jostled
1319,joya
1320,juliets
1321,july
1322,jumpsuit
1323,june
1324,junior
1325,juniors
1326,junk
1327,junkiest
1328,junky
1329,jupiter
1330,just
1331,kaleidoscope
1332,kanye
1333,karate
1334,kayaking
1335,keeper
1336,keeping
1337,keg
1338,kek
1339,kenny
1340,kept
1341,key
1342,keyboarding
1343,keychain
1344,keyhole
1345,keys
1346,khaki
1347,kickass
1348,kickee
1349,kid
1350,kiddo
1351,kiddos
1352,kids
1353,kik
1354,killing
1355,kilt
1356,kilts
1357,king
1358,kinks
1359,kisses
1360,kitchen
1361,kitten
1362,kitties
1363,kitty
1364,klass
1365,kleenex
1366,knee
1367,knife
1368,knit
1369,knitting
1370,knock
1371,knocking
1372,kong
1373,kool
1374,korea
1375,labels
1376,labradorite
1377,lace
1378,laces
1379,lacked
1380,lacking
1381,lacks
1382,ladies
1383,lads
1384,lady
1385,lager
1386,laid
1387,lake
1388,lame
1389,lanyard
1390,laptop
1391,laptops
1392,large
1393,larger
1394,largest
1395,laserjet
1396,lasted
1397,late
1398,later
1399,latex
1400,laugh
1401,laughing
1402,laughs
1403,laundromat
1404,lava
1405,lavender
1406,law
1407,lazy
1408,lbs
1409,leather
1410,leatherwork
1411,left
1412,leg
1413,legend
1414,legging
1415,leggings
1416,leggins
1417,legit
1418,lego
1419,legos
1420,legs
1421,lemon
1422,length
1423,lennon
1424,lens
1425,lenses
1426,letter
1427,liars
1428,library
1429,life
1430,lifeguard
1431,lifesafer
1432,lifethreads
1433,lifetime
1434,lift
1435,light
1436,lightening
1437,lightens
1438,lighter
1439,lightest
1440,lightforce
1441,lighting
1442,lightning
1443,lights
1444,lightweight
1445,like
1446,likeblack
1447,liked
1448,likes
1449,liking
1450,likje
1451,lil
1452,lilac
1453,lilly
1454,lilyette
1455,limited
1456,limp
1457,lindos
1458,linebacker
1459,lined
1460,lingerie
1461,lip
1462,lipstick
1463,lipsticks
1464,lit
1465,little
1466,lives
1467,livid
1468,lizard
1469,llego
1470,loafers
1471,loathe
1472,lobster
1473,locket
1474,loincloth
1475,lol
1476,lolita
1477,london
1478,loneger
1479,long
1480,longer
1481,longest
1482,look
1483,look10
1484,lookexactly
1485,looking
1486,looks
1487,looooooooooovvvveeeee
1488,loooooovvve
1489,loose
1490,loosen
1491,loosened
1492,looser
1493,lopsided
1494,lose
1495,losing
1496,lost
1497,lot
1498,lots
1499,lotus
1500,loud
1501,lounge
1502,lounging
1503,love
1504,lovebug
1505,lovecraft
1506,loved
1507,lovee
1508,loveeee
1509,loveeeee
1510,lovely
1511,lover
1512,lovers
1513,loves
1514,lovey
1515,lovin
1516,loving
1517,low
1518,lubricant
1519,lucid
1520,luck
1521,luggage
1522,luminox
1523,lunch
1524,lunchbox
1525,lunchboxes
1526,luscious
1527,lustre
1528,lustrous
1529,luv
1530,luvs
1531,luxurious
1532,luxury
1533,macbook
1534,macho
1535,mad
1536,madeline
1537,madonna
1538,magenta
1539,magic
1540,magical
1541,magician
1542,magnate
1543,magnetic
1544,magnificent
1545,maid
1546,mail
1547,maine
1548,makeup
1549,malformed
1550,malfunction
1551,malfunctioned
1552,malfunctioning
1553,mall
1554,mama
1555,man
1556,manicure
1557,manly
1558,mannequin
1559,manually
1560,manufacturer
1561,marathon
1562,marble
1563,march
1564,marching
1565,mardi
1566,marilyn
1567,marines
1568,mario
1569,maroon
1570,married
1571,marshmallows
1572,marvelous
1573,masculine
1574,mask
1575,masks
1576,masonic
1577,masquerade
1578,massage
1579,mastectomy
1580,matched
1581,material
1582,maternity
1583,math
1584,maui
1585,maybe
1586,mean
1587,mechanic
1588,med
1589,medal
1590,medical
1591,medication
1592,medicine
1593,mediocre
1594,meditation
1595,medium
1596,meds
1597,megadeth
1598,meh
1599,melted
1600,men
1601,mens
1602,merchandise
1603,merchant
1604,merica
1605,mermaid
1606,mermaids
1607,mess
1608,messy
1609,met
1610,metal
1611,metallic
1612,mexico
1613,miami
1614,michigan
1615,mickey
1616,migraines
1617,mild
1618,mileage
1619,milky
1620,millennium
1621,millimeter
1622,millionth
1623,minimalist
1624,minky
1625,minnesota
1626,minnie
1627,minor
1628,minutes
1629,miracle
1630,miraflex
1631,mirror
1632,mishapen
1633,mislabeled
1634,misleading
1635,mismatched
1636,misread
1637,misshapen
1638,missing
1639,mistake
1640,mittens
1641,mix
1642,mm
1643,mma
1644,moccasins
1645,model
1646,models
1647,modern
1648,moisture
1649,molds
1650,moldy
1651,mom
1652,mommies
1653,monday
1654,money
1655,monkey
1656,monster
1657,montana
1658,month
1659,months
1660,moon
1661,moondoggy
1662,moonrise
1663,moose
1664,morning
1665,mosquitos
1666,mother
1667,motherinlaw
1668,mothers
1669,moths
1670,motorcycle
1671,mountaineer
1672,mountaineering
1673,mountains
1674,mouse
1675,mover
1676,movie
1677,moving
1678,mri
1679,muchas
1680,mucho
1681,muchsimo
1682,multiple
1683,munchkins
1684,muscles
1685,muscular
1686,mushroom
1687,musical
1688,mustang
1689,mustard
1690,mustardy
1691,mystic
1692,mystical
1693,mystified
1694,nails
1695,naked
1696,nanny
1697,nap
1698,nappy
1699,naps
1700,narrow
1701,narrower
1702,nasa
1703,nasty
1704,nauseating
1705,navy
1706,nay
1707,nba
1708,ncaa
1709,neat
1710,neatly
1711,neck
1712,necklace
1713,necklaces
1714,necktie
1715,need
1716,needed
1717,needing
1718,needle
1719,needs
1720,negative
1721,negatives
1722,neighbor
1723,neighbors
1724,nephew
1725,nephews
1726,nerdy
1727,nervous
1728,neutral
1729,new
1730,newborn
1731,newborns
1732,nfl
1733,nice
1734,nicee
1735,nicely
1736,nicer
1737,nices
1738,nicest
1739,nickel
1740,nickels
1741,niece
1742,nieces
1743,nighs
1744,night
1745,nightgown
1746,nightmare
1747,nights
1748,nightshirts
1749,nightstand
1750,nighty
1751,nike
1752,nikes
1753,ninja
1754,nintendo
1755,nipple
1756,nipples
1757,nnice
1758,nobel
1759,noisy
1760,nonstop
1761,noon
1762,nope
1763,nordstrom
1764,normal
1765,north
1766,norway
1767,nose
1768,notch
1769,notepads
1770,novel
1771,november
1772,nubra
1773,nuce
1774,nude
1775,nuff
1776,nun
1777,nuns
1778,nurse
1779,nurses
1780,nursing
1781,nyc
1782,nylon
1783,nylons
1784,nylony
1785,oakley
1786,oakleys
1787,obnoxious
1788,obsessed
1789,occasionally
1790,ocean
1791,october
1792,octopus
1793,octopuses
1794,odd
1795,odor
1796,oe
1797,offer
1798,offers
1799,office
1800,oh
1801,oil
1802,ok
1803,okay
1804,okey
1805,okk
1806,oktoberfest
1807,oky
1808,old
1809,oldfationed
1810,olive
1811,olympic
1812,online
1813,open
1814,opening
1815,operate
1816,ophthalmologist
1817,opthomologist
1818,optometrist
1819,orange
1820,order
1821,orderd
1822,ordered
1823,ordering
1824,organic
1825,original
1826,originales
1827,orioles
1828,ornate
1829,outdoors
1830,outfit
1831,outfits
1832,outside
1833,outstanding
1834,oven
1835,overcast
1836,overcoat
1837,overdone
1838,overestimated
1839,overnight
1840,overpowering
1841,overpriced
1842,oversized
1843,overtime
1844,overweight
1845,owl
1846,owls
1847,owner
1848,oxido
1849,oyster
1850,pack
1851,package
1852,packaged
1853,packaging
1854,padded
1855,pads
1856,pageant
1857,paid
1858,pain
1859,painful
1860,painfull
1861,pains
1862,paint
1863,pair
1864,pairs
1865,pajama
1866,pajamas
1867,pale
1868,panatime
1869,panda
1870,pandas
1871,pandora
1872,panties
1873,pants
1874,pantsline
1875,paparazzi
1876,paper
1877,paperwork
1878,paquete
1879,parachute
1880,parade
1881,paradise
1882,parents
1883,paris
1884,park
1885,parking
1886,parkinson
1887,parrot
1888,party
1889,partying
1890,passport
1891,passports
1892,pastel
1893,pasties
1894,pastor
1895,patch
1896,patches
1897,pathetic
1898,patient
1899,patriotic
1900,patriotism
1901,paw
1902,pay
1903,payed
1904,peace
1905,peach
1906,peachy
1907,peacocks
1908,peanut
1909,pearl
1910,pearls
1911,pedals
1912,peeling
1913,pen
1914,pencil
1915,pencils
1916,pendant
1917,pendants
1918,pendulum
1919,penguin
1920,penguins
1921,penis
1922,penn
1923,pennies
1924,percentile
1925,perfect
1926,perfectas
1927,perfected
1928,perfection
1929,perfectly
1930,perfecto
1931,perfectt
1932,perfext
1933,perfume
1934,perky
1935,person
1936,petite
1937,petites
1938,petrol
1939,pets
1940,petticoat
1941,pewter
1942,phenomenal
1943,phone
1944,phones
1945,photo
1946,photobooth
1947,photocards
1948,photography
1949,photoshoot
1950,pianist
1951,piano
1952,pic
1953,pickleball
1954,picky
1955,picnic
1956,pics
1957,picture
1958,pictured
1959,pictures
1960,pie
1961,piece
1962,piercing
1963,piercings
1964,pigtails
1965,pilates
1966,pillcase
1967,pillow
1968,pillows
1969,pills
1970,pin
1971,pinches
1972,pine
1973,pink
1974,pinkerton
1975,pinkie
1976,pinkish
1977,pinkrosecamoring
1978,pinky
1979,pirate
1980,pissed
1981,pistachio
1982,pistol
1983,pistols
1984,pitcher
1985,pixie
1986,pizza
1987,pizzazz
1988,plaid
1989,plain
1990,plane
1991,planned
1992,plastic
1993,plated
1994,platinum
1995,playboy
1996,playstation
1997,pleasantly
1998,pleased
1999,pleasure
2000,plugs
2001,plush
2002,pm
2003,pocket
2004,pocketbook
2005,pocketbooks
2006,pockets
2007,pocketwatch
2008,pokemon
2009,polarized
2010,polarizzed
2011,police
2012,polish
2013,polished
2014,polishing
2015,polka
2016,polyester
2017,pompoms
2018,poncho
2019,pond
2020,pony
2021,ponytail
2022,poodle
2023,pool
2024,poor
2025,poorly
2026,pop
2027,popped
2028,poppies
2029,popping
2030,poppins
2031,pops
2032,pork
2033,porkpie
2034,porn
2035,pornographic
2036,poseidon
2037,postpartum
2038,potter
2039,potty
2040,pouch
2041,pouches
2042,pounds
2043,practical
2044,prada
2045,prank
2046,prayer
2047,precarious
2048,precioso
2049,precious
2050,prefect
2051,prefer
2052,preference
2053,preferred
2054,pregnancy
2055,pregnant
2056,premium
2057,preschool
2058,preschoolers
2059,prescription
2060,present
2061,presents
2062,preserver
2063,prettier
2064,prettiest
2065,prettiness
2066,pretty
2067,prety
2068,previous
2069,previously
2070,price
2071,priced
2072,priceless
2073,pricey
2074,pride
2075,priest
2076,prime
2077,princess
2078,print
2079,printing
2080,prison
2081,pristine
2082,private
2083,prize
2084,pro
2085,problem
2086,problems
2087,prodcu
2088,product
2089,products
2090,profane
2091,professional
2092,project
2093,prom
2094,promised
2095,prompt
2096,promptly
2097,properly
2098,pros
2099,protection
2100,protects
2101,proud
2102,proudly
2103,pry
2104,pub
2105,puddle
2106,puffy
2107,pug
2108,pugs
2109,pumpkin
2110,punch
2111,punched
2112,puncture
2113,pungent
2114,punished
2115,pup
2116,puppies
2117,puppy
2118,purchase
2119,purchased
2120,purchasers
2121,purchasing
2122,purple
2123,purpose
2124,purse
2125,purses
2126,putrid
2127,pwrfect
2128,quality
2129,quartet
2130,quartz
2131,que
2132,quebrarse
2133,queda
2134,queenberry
2135,quemados
2136,quick
2137,quicker
2138,quickly
2139,quicksilver
2140,quiero
2141,quilting
2142,quilty
2143,quit
2144,quite
2145,quizas
2146,qvc
2147,r1k8cqf9el5wis
2148,r1xr2eebaiu3m4
2149,r29x4x0amdidp5
2150,r2cqp3mcp51l3p
2151,r369qs0l6g8j5o
2152,r3cpup8kus34pu
2153,r3m04webq4pkhx
2154,r3nl0e0x7xm3ml
2155,r3sut4tpjtkku
2156,rabbit
2157,rabbits
2158,race
2159,racerback
2160,racing
2161,rad
2162,radiologist
2163,rag
2164,rah
2165,rain
2166,rainboots
2167,rainbow
2168,raincoat
2169,raincoats
2170,raining
2171,rainy
2172,ramen
2173,random
2174,rap
2175,rapid
2176,rapido
2177,rare
2178,rarely
2179,rash
2180,rashes
2181,raspberry
2182,rattle
2183,rave
2184,ravenclaw
2185,raves
2186,raw
2187,ray
2188,rb7031
2189,reactor
2190,read
2191,reading
2192,ready
2193,real
2194,realidad
2195,realistic
2196,really
2197,rear
2198,reasonable
2199,reasonably
2200,receive
2201,received
2202,recieved
2203,recital
2204,recommend
2205,recruit
2206,rectangular
2207,red
2208,redder
2209,reddish
2210,redesign
2211,ref6gzs7c5g8p
2212,refined
2213,refund
2214,refuse
2215,reggae
2216,regret
2217,regular
2218,regularly
2219,rehabilitation
2220,rehearsals
2221,reindeer
2222,reinforcing
2223,rejected
2224,rejuvenate
2225,relative
2226,relax
2227,relaxation
2228,relaxe
2229,relaxed
2230,reliable
2231,relief
2232,religious
2233,remains
2234,remember
2235,removable
2236,remove
2237,removed
2238,reordered
2239,repair
2240,repairing
2241,replace
2242,replacement
2243,replacements
2244,repurchase
2245,required
2246,resale
2247,resend
2248,resin
2249,resolve
2250,restaurant
2251,restocking
2252,retail
2253,retailed
2254,retailer
2255,return
2256,returned
2257,returning
2258,reversing
2259,review
2260,reviews
2261,revived
2262,revolver
2263,reward
2264,rhinestones
2265,ribbon
2266,ribbons
2267,ribs
2268,rich
2269,richer
2270,riches
2271,rickg
2272,ridiculous
2273,ridiculously
2274,rifle
2275,right
2276,rigid
2277,ring
2278,ringlets
2279,rings
2280,rinsed
2281,rip
2282,ripped
2283,ripping
2284,rips
2285,river
2286,road
2287,roadster
2288,robbery
2289,robe
2290,robot
2291,rock
2292,rocking
2293,rocks
2294,rolex
2295,roller
2296,romantic
2297,romper
2298,roomier
2299,roommate
2300,roomy
2301,rosaries
2302,rosary
2303,rose
2304,roses
2305,rough
2306,roughest
2307,roxy
2308,royalty
2309,rrw7e01r7gjyf
2310,rubbed
2311,rubber
2312,rubberband
2313,rubbery
2314,rubbish
2315,rude
2316,rugged
2317,ruined
2318,ruining
2319,rum
2320,run
2321,running
2322,runs
2323,runway
2324,rurhleo8chhm4
2325,russian
2326,rust
2327,rusted
2328,rusting
2329,rusts
2330,rusty
2331,rwmgdhvz58d8u
2332,sacred
2333,sad
2334,sadly
2335,safe
2336,safely
2337,safer
2338,saggy
2339,sags
2340,said
2341,sailing
2342,saints
2343,sakura
2344,sale
2345,sales
2346,salon
2347,samsung
2348,sanatizing
2349,sand
2350,sandals
2351,sapphire
2352,sapphires
2353,sassy
2354,satan
2355,satanic
2356,satanism
2357,satin
2358,satisfaction
2359,satisfecho
2360,satisfied
2361,saturday
2362,sauce
2363,saucepan
2364,saucy
2365,sauna
2366,sausage
2367,savage
2368,saved
2369,saver
2370,saving
2371,savings
2372,savvy
2373,say
2374,says
2375,scam
2376,scams
2377,scandinavia
2378,scared
2379,scarf
2380,scarfs
2381,scarlet
2382,scarves
2383,scary
2384,scent
2385,school
2386,schoolboy
2387,science
2388,scientist
2389,scissors
2390,scool
2391,scorecard
2392,scorpion
2393,scorpions
2394,scotch
2395,scout
2396,scraping
2397,scratch
2398,scratched
2399,scratches
2400,scratchy
2401,scream
2402,screams
2403,screen
2404,screw
2405,screwbacks
2406,screwdriver
2407,screwed
2408,scrub
2409,scrubs
2410,scuffed
2411,seafood
2412,seahawks
2413,seam
2414,seamless
2415,seams
2416,seamstress
2417,season
2418,seattle
2419,second
2420,seconds
2421,secure
2422,security
2423,seed
2424,seethrew
2425,seinfeld
2426,sell
2427,seller
2428,selling
2429,semitic
2430,send
2431,sending
2432,senior
2433,sent
2434,separated
2435,september
2436,sequins
2437,servers
2438,serviceable
2439,set
2440,sewed
2441,sewing
2442,sex
2443,sexier
2444,sexiest
2445,sexiness
2446,sexy
2447,sexyyyyyyyyyyy
2448,shabbat
2449,shabbily
2450,shabby
2451,shade
2452,shades
2453,shakespeare
2454,shallow
2455,shame
2456,shameful
2457,shampoo
2458,shards
2459,shark
2460,sharks
2461,sharp
2462,shatter
2463,shattered
2464,shave
2465,shaved
2466,sheds
2467,sheep
2468,shells
2469,sheriff
2470,shine
2471,shiner
2472,shingles
2473,shinier
2474,shinnier
2475,shiny
2476,shipped
2477,shipper
2478,shipping
2479,shirt
2480,shirts
2481,shoddy
2482,shoe
2483,shoebox
2484,shoehorn
2485,shoelace
2486,shoelaces
2487,shoes
2488,shoesmay
2489,sholders
2490,shooting
2491,shoots
2492,shopper
2493,shoppers
2494,shopping
2495,shopyhydra
2496,short
2497,shortened
2498,shorter
2499,shortness
2500,shorts
2501,shoulders
2502,showen
2503,shower
2504,showering
2505,showers
2506,showgirl
2507,showing
2508,shown
2509,showpiece
2510,shows
2511,showstopper
2512,showy
2513,shrank
2514,shredder
2515,shrink
2516,shrinkage
2517,shrinks
2518,shriveled
2519,shrunk
2520,shut
2521,sibling
2522,siblings
2523,sick
2524,sightseeing
2525,silicon
2526,silicone
2527,silicones
2528,silk
2529,silkiest
2530,silks
2531,silkscreen
2532,silky
2533,silver
2534,silversmiths
2535,silvery
2536,similar
2537,simple
2538,simplistic
2539,simpsons
2540,singer
2541,sink
2542,siren
2543,sister
2544,sisters
2545,size
2546,size12
2547,size15andthe
2548,size7
2549,sized
2550,sizes
2551,sizing
2552,skateboarding
2553,skating
2554,skeleton
2555,ski
2556,skiing
2557,skimpy
2558,skin
2559,skinnier
2560,skinny
2561,skipper
2562,skirt
2563,skirts
2564,skis
2565,skull
2566,skulls
2567,slacks
2568,slapped
2569,sleek
2570,sleeker
2571,sleep
2572,sleeper
2573,sleeping
2574,sleepshirt
2575,sleeve
2576,sleeves
2577,slender
2578,slept
2579,slide
2580,sliding
2581,slight
2582,slightly
2583,slim
2584,slimming
2585,slip
2586,slipper
2587,slippers
2588,slippery
2589,slippies
2590,slipping
2591,sloppy
2592,slots
2593,slouch
2594,slouchy
2595,slow
2596,slower
2597,smack
2598,smalker
2599,small
2600,smaller
2601,smallest
2602,smallish
2603,smalll
2604,smallllll
2605,smartphone
2606,smartwatch
2607,smashed
2608,smell
2609,smelled
2610,smells
2611,smelly
2612,smile
2613,smooth
2614,smoothing
2615,smoothly
2616,smooths
2617,smudged
2618,smudges
2619,smug
2620,snags
2621,snake
2622,snakehole
2623,snakeskin
2624,snap
2625,snapped
2626,snazzy
2627,sneak
2628,sneaker
2629,sneakers
2630,snipped
2631,snitch
2632,snnaaaaaakke
2633,snoozes
2634,snorkeling
2635,snot
2636,snout
2637,snow
2638,snowboarding
2639,snowflake
2640,snowflakes
2641,snowman
2642,snowshoes
2643,snowy
2644,snug
2645,snugger
2646,snuggly
2647,snugly
2648,soap
2649,soapy
2650,sob
2651,soccer
2652,sock
2653,socks
2654,sodalite
2655,soft
2656,softball
2657,soften
2658,softener
2659,softer
2660,softest
2661,softness
2662,soiled
2663,solar
2664,sold
2665,solid
2666,solve
2667,solved
2668,somewhat
2669,son
2670,sonic
2671,sons
2672,soon
2673,sooner
2674,sooocks
2675,soothing
2676,sore
2677,sores
2678,sorority
2679,sorry
2680,soso
2681,sound
2682,sours
2683,sox
2684,soy
2685,space
2686,spacer
2687,spacious
2688,spade
2689,spaghetti
2690,spamming
2691,spandex
2692,spankings
2693,spanx
2694,sparingly
2695,sparkle
2696,sparkler
2697,sparkles
2698,sparkliness
2699,sparkling
2700,sparkly
2701,spectacular
2702,speed
2703,speedcross
2704,speedily
2705,speedy
2706,spheres
2707,spider
2708,spiderman
2709,spiderwoman
2710,spidery
2711,spike
2712,spikes
2713,spill
2714,spinner
2715,spirit
2716,split
2717,splotches
2718,spondylitis
2719,sponge
2720,spooky
2721,spoon
2722,sporadically
2723,sport
2724,sports
2725,spraypainted
2726,spring
2727,sprung
2728,spy
2729,sq
2730,squashed
2731,squats
2732,squee
2733,squeezed
2734,squish
2735,stabbed
2736,stabbing
2737,stabilize
2738,stable
2739,stadium
2740,stage
2741,stain
2742,stainless
2743,stains
2744,stampede
2745,standard
2746,star
2747,starchy
2748,starfish
2749,stars
2750,started
2751,stated
2752,stay
2753,stayed
2754,stays
2755,steal
2756,steamed
2757,steampunk
2758,steamy
2759,steel
2760,steelers
2761,steep
2762,stepdaughter
2763,steps
2764,stetson
2765,stick
2766,sticker
2767,sticky
2768,stiff
2769,stiffer
2770,stiffness
2771,stiletto
2772,stilettos
2773,stingrays
2774,stink
2775,stinking
2776,stinks
2777,stinky
2778,stitch
2779,stitched
2780,stitches
2781,stitching
2782,stocking
2783,stockings
2784,stole
2785,stolen
2786,stomach
2787,stone
2788,stones
2789,stopped
2790,store
2791,stores
2792,storms
2793,stormtrooper
2794,storybook
2795,stove
2796,stovepipe
2797,straight
2798,strange
2799,strap
2800,straps
2801,straw
2802,strength
2803,strenuous
2804,stretch
2805,stretched
2806,stretcher
2807,stretchers
2808,stretchiest
2809,stretchiness
2810,stretching
2811,stretchy
2812,stride
2813,string
2814,strings
2815,stripped
2816,stripper
2817,strong
2818,stronger
2819,strongest
2820,struggle
2821,struggling
2822,stuck
2823,stud
2824,student
2825,students
2826,studio
2827,studs
2828,stumbled
2829,stunning
2830,stupid
2831,sturdier
2832,sturdiest
2833,sturdy
2834,style
2835,stylish
2836,stylist
2837,substandard
2838,substitute
2839,subtle
2840,success
2841,successful
2842,suck
2843,sucked
2844,sucks
2845,sufficient
2846,suffocating
2847,suggest
2848,suggrstions
2849,suit
2850,suitcase
2851,suite
2852,suited
2853,suits
2854,summer
2855,summers
2856,summertime
2857,sun
2858,sunbathing
2859,sunburn
2860,sunburned
2861,suncloud
2862,sunday
2863,sundress
2864,sunflower
2865,sunglasses
2866,sunlight
2867,sunnies
2868,sunny
2869,sunprotection
2870,sunscreen
2871,sunshine
2872,suntan
2873,super
2874,superb
2875,supergirl
2876,superhero
2877,superior
2878,superlative
2879,superman
2880,supermarket
2881,supernatural
2882,superrrr
2883,supplier
2884,support
2885,supportive
2886,supports
2887,sure
2888,surgeons
2889,surgery
2890,surgical
2891,surpassed
2892,surprised
2893,surprisingly
2894,survived
2895,suspenders
2896,swan
2897,sweat
2898,sweatband
2899,sweater
2900,sweaters
2901,sweather
2902,sweating
2903,sweatpants
2904,sweats
2905,sweatshirt
2906,sweatshirts
2907,sweaty
2908,sweet
2909,swiftly
2910,swim
2911,swimming
2912,swimsuit
2913,swimsuits
2914,swimware
2915,swimwear
2916,swiss
2917,swollen
2918,sword
2919,swords
2920,tablet
2921,taekwondo
2922,tag
2923,tags
2924,tail
2925,tailor
2926,tailoring
2927,taiwan
2928,takes
2929,tall
2930,taller
2931,tangled
2932,tank
2933,tanks
2934,tarnish
2935,tarnished
2936,taste
2937,tasteful
2938,tattered
2939,taxi
2940,taxidermy
2941,tbd
2942,tea
2943,teacher
2944,teacup
2945,teacups
2946,teakettle
2947,team
2948,teapot
2949,tear
2950,tearful
2951,tearing
2952,tears
2953,tedious
2954,tee
2955,teen
2956,teenage
2957,teenager
2958,teens
2959,teeny
2960,teeth
2961,tehnology
2962,tell
2963,templar
2964,temple
2965,temporary
2966,tendinitis
2967,tennis
2968,tentacle
2969,terminados
2970,terrible
2971,terribly
2972,terrier
2973,terrific
2974,test
2975,texan
2976,texas
2977,thailand
2978,thank
2979,thankful
2980,thankkk
2981,thanks
2982,thanksgiving
2983,thankyou
2984,thats
2985,therapist
2986,therapy
2987,thicker
2988,thickness
2989,thief
2990,thigh
2991,thighs
2992,thinest
2993,things
2994,think
2995,thinking
2996,thinned
2997,thinner
2998,thinnest
2999,thor
3000,thought
3001,thoughtful
3002,threading
3003,threads
3004,threw
3005,thrice
3006,thrilled
3007,throwing
3008,thumb
3009,thumbs
3010,thursday
3011,thz
3012,tiara
3013,tibet
3014,tibetan
3015,tick
3016,ticking
3017,tie
3018,tied
3019,tiempo
3020,ties
3021,tiger
3022,tigers
3023,tight
3024,tighten
3025,tightening
3026,tighter
3027,tightest
3028,tights
3029,timberland
3030,timberlands
3031,time
3032,timekeeping
3033,timely
3034,timepiece
3035,timepieces
3036,timex
3037,tina
3038,tiniest
3039,tinny
3040,tinted
3041,tiny
3042,tips
3043,tired
3044,titanic
3045,titanium
3046,tits
3047,tks
3048,toast
3049,toasty
3050,toboggan
3051,today
3052,toddler
3053,toddlers
3054,toe
3055,toeless
3056,toenails
3057,toes
3058,toilet
3059,toiletries
3060,toiletry
3061,tom
3062,tomato
3063,tomorrow
3064,tomorrowland
3065,tongue
3066,tons
3067,took
3068,tools
3069,tooth
3070,toothbrush
3071,toothpaste
3072,toothpick
3073,toppers
3074,tops
3075,tore
3076,torn
3077,torque
3078,tough
3079,tougher
3080,touristy
3081,tournament
3082,towel
3083,towels
3084,toxic
3085,toy
3086,toys
3087,train
3088,trained
3089,trainer
3090,training
3091,transformers
3092,transitional
3093,translucent
3094,transparent
3095,trash
3096,trashed
3097,trashy
3098,treasure
3099,tree
3100,trendy
3101,triathlon
3102,trick
3103,tricky
3104,tried
3105,trim
3106,trimester
3107,trimmed
3108,trip
3109,troll
3110,trouble
3111,troubles
3112,trousers
3113,trout
3114,truck
3115,trucker
3116,trump
3117,trusted
3118,trustworthy
3119,try
3120,trying
3121,tshirt
3122,tshirts
3123,tuesday
3124,tummy
3125,tuna
3126,tundra
3127,tungsten
3128,tunic
3129,tunnels
3130,turf
3131,turkey
3132,turned
3133,turner
3134,turquoise
3135,turtle
3136,turtleneck
3137,turtles
3138,tutu
3139,tux
3140,tuxedo
3141,tv
3142,tween
3143,tweets
3144,tweety
3145,twice
3146,twinkly
3147,twins
3148,twisted
3149,ty
3150,typing
3151,uber
3152,udevitelno
3153,ugliest
3154,ugly
3155,uglyl
3156,ulcer
3157,ulrich
3158,umbrella
3159,unable
3160,unbalanced
3161,unbearable
3162,unbeatable
3163,unbiased
3164,uncle
3165,unclear
3166,uncomforatble
3167,uncomfortable
3168,uncomfortably
3169,uncontrollably
3170,underarmour
3171,undergarment
3172,undergarments
3173,underneath
3174,underpants
3175,undersized
3176,understated
3177,undertaker
3178,underwear
3179,underwears
3180,underweight
3181,underwhelmed
3182,underwire
3183,undone
3184,uneven
3185,unevenness
3186,unexpected
3187,unexpectedly
3188,unfinished
3189,unfitting
3190,unflaterring
3191,unforgiving
3192,unfortunately
3193,unfortunatly
3194,unhappy
3195,unhealthy
3196,unicorn
3197,unicorns
3198,uniform
3199,unimpressive
3200,unique
3201,unisex
3202,unless
3203,unlike
3204,unorthodox
3205,unpacked
3206,unpredictable
3207,unraveled
3208,unraveling
3209,unrealistic
3210,unsatisfactory
3211,unscrew
3212,unscrewing
3213,unsecured
3214,unsurpassed
3215,unusable
3216,unusual
3217,unwearable
3218,upcoming
3219,update
3220,updating
3221,upgrade
3222,upscale
3223,upset
3224,upsetting
3225,upside
3226,upward
3227,urn
3228,urns
3229,usa
3230,usable
3231,use
3232,used
3233,useful
3234,usefull
3235,useless
3236,user
3237,using
3238,uss
3239,usually
3240,utah
3241,utilitarian
3242,vacation
3243,vagina
3244,vague
3245,valentine
3246,valentines
3247,valuable
3248,value
3249,vampire
3250,vampires
3251,vamps
3252,van
3253,vanilla
3254,vans
3255,varnish
3256,ve
3257,vegan
3258,vegas
3259,veil
3260,velcro
3261,velour
3262,velvet
3263,velvety
3264,vending
3265,vendor
3266,vendors
3267,venezuela
3268,vermont
3269,versatile
3270,versatility
3271,versital
3272,vest
3273,veteran
3274,veterans
3275,vibrant
3276,victor
3277,victorian
3278,videos
3279,vienna
3280,vietnam
3281,viking
3282,vikings
3283,vinegar
3284,vintage
3285,vinyl
3286,violently
3287,violin
3288,virgin
3289,vision
3290,visor
3291,visors
3292,vitamin
3293,viva
3294,vivid
3295,voicemail
3296,volleyball
3297,volunteer
3298,voodoo
3299,w_bl_sl_s_sh_web_7141123011
3300,waaaaaarrrrrm
3301,waaaarm
3302,wabbits
3303,waffle
3304,waist
3305,waistband
3306,waited
3307,waiter
3308,waiters
3309,waiting
3310,waitress
3311,wakeboard
3312,waldo
3313,waldorf
3314,walgreens
3315,walk
3316,walked
3317,walking
3318,wallet
3319,wallets
3320,wallett
3321,wallpaper
3322,walmart
3323,want
3324,wanted
3325,wanting
3326,wao
3327,wardrobe
3328,warehouse
3329,wares
3330,warm
3331,warmer
3332,warmers
3333,warmest
3334,warms
3335,warmth
3336,warning
3337,warrior
3338,wary
3339,wash
3340,washable
3341,washed
3342,washer
3343,washes
3344,washing
3345,washings
3346,wasn
3347,wasnt
3348,waste
3349,wasted
3350,watch
3351,watchband
3352,watchmaker
3353,water
3354,waterfall
3355,watermelon
3356,waterproof
3357,waterproofed
3358,waterproofing
3359,waterproofs
3360,waterskiing
3361,waves
3362,wax
3363,waxed
3364,waxing
3365,waxy
3366,way
3367,wayyyy
3368,weak
3369,weakest
3370,wear
3371,wearability
3372,wearable
3373,wearing
3374,wears
3375,weary
3376,weather
3377,weathering
3378,weatherproofing
3379,weave
3380,web
3381,webbing
3382,webpage
3383,website
3384,wedding
3385,weddings
3386,wedgie
3387,wednesday
3388,weed
3389,week
3390,weekend
3391,weekenders
3392,weekly
3393,weeks
3394,weighs
3395,weight
3396,weightlifter
3397,weights
3398,weird
3399,weirder
3400,weld
3401,welders
3402,welding
3403,went
3404,werent
3405,werewolf
3406,western
3407,wetsuit
3408,whale
3409,whats
3410,wheelchair
3411,whiskey
3412,white
3413,whiter
3414,whitish
3415,wholesaler
3416,wiccan
3417,wicked
3418,wide
3419,widened
3420,widener
3421,wider
3422,wife
3423,wifes
3424,wifi
3425,wig
3426,wiggles
3427,wigs
3428,wind
3429,windowpane
3430,windows
3431,windy
3432,wine
3433,wings
3434,winning
3435,winter
3436,winterguard
3437,winters
3438,wiping
3439,wireless
3440,wisconsin
3441,wise
3442,wish
3443,wished
3444,wishes
3445,wishy
3446,witch
3447,witchcraft
3448,witches
3449,wittit
3450,wizard
3451,wjat
3452,woakable
3453,wolf
3454,wolverine
3455,wolves
3456,woman
3457,womans
3458,women
3459,womens
3460,wonderful
3461,wonderfull
3462,wonderfully
3463,wonderland
3464,wonders
3465,wonky
3466,wont
3467,woo
3468,wood
3469,wooden
3470,woodgrain
3471,woodpecker
3472,woodstock
3473,wool
3474,woops
3475,word
3476,wore
3477,work
3478,workable
3479,worked
3480,workers
3481,working
3482,workman
3483,workmanship
3484,workout
3485,workouts
3486,works
3487,worm
3488,worms
3489,worn
3490,worried
3491,worry
3492,worse
3493,worshipful
3494,worst
3495,worth
3496,worthless
3497,worthwhile
3498,worthy
3499,wouldn
3500,wouldnt
3501,woun
3502,wound
3503,wounds
3504,woven
3505,wow
3506,wrap
3507,wrestler
3508,wrestlers
3509,wrinkle
3510,wrinkled
3511,wrinkles
3512,wrinkly
3513,wrist
3514,wristband
3515,wristbands
3516,wristlet
3517,wrists
3518,wristwatch
3519,write
3520,wrong
3521,wrongly
3522,wrote
3523,wtf
3524,wwe
3525,xbox
3526,xenomorph
3527,xl
3528,xmas
3529,xs
3530,xtra
3531,xxl
3532,xxlarge
3533,xxlrg
3534,xxxl
3535,xxxx
3536,xxxxxxxxxxxxxxxxx
3537,yankee
3538,yard
3539,yarn
3540,yay
3541,yaya
3542,year
3543,years
3544,yellow
3545,yellower
3546,yellowish
3547,yes
3548,yesh
3549,yesterday
3550,yoda
3551,yoga
3552,yogaray
3553,york
3554,yorkie
3555,young
3556,younger
3557,youngest
3558,youtube
3559,yukon
3560,yum
3561,yummy
3562,zebra
3563,zelda
3564,zero
3565,zhiliang
3566,zip
3567,ziplock
3568,zipper
3569,zippered
3570,zippers
3571,zombie
3572,zombieland
3573,zombies
3574,zoo
3575,zooyork
3576,zorro
3577,zulu
3578,zumba
